original_sentence,expected_original,original_prediction,original_confidence,negated_sentence,expected_negated,negated_prediction,negated_confidence,original_correct,negated_correct,prediction_changed
The movie was good.,POSITIVE,POSITIVE,0.9998568296432495,The movie was not good.,NEGATIVE,NEGATIVE,0.9997732043266296,True,True,True
The film was enjoyable.,POSITIVE,POSITIVE,0.9998816251754761,The film was not enjoyable.,NEGATIVE,NEGATIVE,0.9997918009757996,True,True,True
The story was interesting.,POSITIVE,POSITIVE,0.9997949004173279,The story was not interesting.,NEGATIVE,NEGATIVE,0.9997935891151428,True,True,True
The acting was impressive.,POSITIVE,POSITIVE,0.9998725652694702,The acting was not impressive.,NEGATIVE,NEGATIVE,0.9997283816337585,True,True,True
The movie was entertaining.,POSITIVE,POSITIVE,0.9998785257339478,The movie was not entertaining.,NEGATIVE,NEGATIVE,0.9997933506965637,True,True,True
The film was excellent.,POSITIVE,POSITIVE,0.9998602867126465,The film was not excellent.,NEGATIVE,NEGATIVE,0.9996641874313354,True,True,True
The story was engaging.,POSITIVE,POSITIVE,0.999869704246521,The story was not engaging.,NEGATIVE,NEGATIVE,0.9997914433479309,True,True,True
The performance was convincing.,POSITIVE,POSITIVE,0.9998615980148315,The performance was not convincing.,NEGATIVE,NEGATIVE,0.9997866749763489,True,True,True
The movie was satisfying.,POSITIVE,POSITIVE,0.9998749494552612,The movie was not satisfying.,NEGATIVE,NEGATIVE,0.999796450138092,True,True,True
The film was memorable.,POSITIVE,POSITIVE,0.9998804330825806,The film was not memorable.,NEGATIVE,NEGATIVE,0.9997860789299011,True,True,True
The movie was amazing.,POSITIVE,POSITIVE,0.9998829364776611,The movie was not amazing.,NEGATIVE,NEGATIVE,0.9997876286506653,True,True,True
The film was wonderful.,POSITIVE,POSITIVE,0.9998843669891357,The film was not wonderful.,NEGATIVE,NEGATIVE,0.9997711777687073,True,True,True
The story was compelling.,POSITIVE,POSITIVE,0.9998815059661865,The story was not compelling.,NEGATIVE,NEGATIVE,0.9997931122779846,True,True,True
The acting was brilliant.,POSITIVE,POSITIVE,0.9998745918273926,The acting was not brilliant.,NEGATIVE,NEGATIVE,0.9997515082359314,True,True,True
The movie was impressive.,POSITIVE,POSITIVE,0.9998772144317627,The movie was not impressive.,NEGATIVE,NEGATIVE,0.9997408986091614,True,True,True
The film was charming.,POSITIVE,POSITIVE,0.9998862743377686,The film was not charming.,NEGATIVE,NEGATIVE,0.9997701048851013,True,True,True
The story was enjoyable.,POSITIVE,POSITIVE,0.9998798370361328,The story was not enjoyable.,NEGATIVE,NEGATIVE,0.9997932314872742,True,True,True
The performance was excellent.,POSITIVE,POSITIVE,0.9998593330383301,The performance was not excellent.,NEGATIVE,NEGATIVE,0.9996592998504639,True,True,True
The movie was delightful.,POSITIVE,POSITIVE,0.9998811483383179,The movie was not delightful.,NEGATIVE,NEGATIVE,0.9997859597206116,True,True,True
The film was entertaining.,POSITIVE,POSITIVE,0.9998824596405029,The film was not entertaining.,NEGATIVE,NEGATIVE,0.9997898936271667,True,True,True
The movie was beautiful.,POSITIVE,POSITIVE,0.999886155128479,The movie was not beautiful.,NEGATIVE,NEGATIVE,0.9997500777244568,True,True,True
The film was fascinating.,POSITIVE,POSITIVE,0.9998668432235718,The film was not fascinating.,NEGATIVE,NEGATIVE,0.9997822642326355,True,True,True
The story was moving.,POSITIVE,POSITIVE,0.9998694658279419,The story was not moving.,NEGATIVE,NEGATIVE,0.9997932314872742,True,True,True
The acting was excellent.,POSITIVE,POSITIVE,0.999853253364563,The acting was not excellent.,NEGATIVE,NEGATIVE,0.9997162222862244,True,True,True
The movie was funny.,POSITIVE,POSITIVE,0.9998410940170288,The movie was not funny.,NEGATIVE,NEGATIVE,0.9997947812080383,True,True,True
The film was exciting.,POSITIVE,POSITIVE,0.9998683929443359,The film was not exciting.,NEGATIVE,NEGATIVE,0.99980229139328,True,True,True
The story was powerful.,POSITIVE,POSITIVE,0.9998831748962402,The story was not powerful.,NEGATIVE,NEGATIVE,0.999795138835907,True,True,True
The performance was remarkable.,POSITIVE,POSITIVE,0.9998782873153687,The performance was not remarkable.,NEGATIVE,NEGATIVE,0.9997106194496155,True,True,True
The movie was enjoyable.,POSITIVE,POSITIVE,0.999881386756897,The movie was not enjoyable.,NEGATIVE,NEGATIVE,0.9997946619987488,True,True,True
The film was satisfying.,POSITIVE,POSITIVE,0.9998797178268433,The film was not satisfying.,NEGATIVE,NEGATIVE,0.999794065952301,True,True,True
